conversation_id,query_type,messages,assistant_replies
y4y6Syh_0,refusal,2,1
ni8QFie_0,refusal,8,4
6XMGrBi_36,refusal,18,9
bL3l55a_0,refusal,12,6
x0IeZPp_0,refusal,4,2
yJPKSMZ_0,refusal,2,1
4vu8R3h_0,refusal,8,4
4nSEgJ3_0,refusal,8,4
fcnL4Ap_0,refusal,2,1
vLvR1r7_0,refusal,4,2
sUO0XFL_0,refusal,4,2
75QHeOo_0,refusal,2,1
GrOzRFW_0,refusal,14,7
nTWoQQU_0,refusal,2,1
KnlXZUN_0,refusal,10,5
ivoFzmz_10,refusal,4,2
wBDyRZw_0,refusal,12,6
cmgzhiY_0,refusal,6,3
BKl952A_8,refusal,2,1
dCbtwcv_24,refusal,8,4
OxAJtEw_0,refusal,6,3
kdJNvOM_34,refusal,6,3
aYNdsFe_0,refusal,6,3
2Ag3YpR_0,refusal,2,1
x6EBHQ7_0,refusal,12,6
3usikOF_0,refusal,8,4
7HsoY16_22,refusal,12,6
0zDjkIi_0,refusal,2,1
JjherX8_0,refusal,2,1
nt96e8S_0,refusal,2,1
7Awwu2Z_0,refusal,2,1
jQHqCAv_0,refusal,4,2
mh5TmNP_0,refusal,14,7
VsMt8oK_0,refusal,10,5
E2X7Hsb_0,refusal,12,6
vvLSjav_0,refusal,16,8
6oEvOFc_0,refusal,4,2
my3w69B_0,refusal,4,2
ysYPcu3_0,refusal,6,3
2xQIEAB_0,refusal,2,1
9ggxVME_0,refusal,14,7
Ev0COAM_70,refusal,10,5
hW6ogid_0,refusal,6,3
JSgQnV9_0,refusal,12,6
YqLQjcD_0,refusal,2,1
n63FotM_14,refusal,6,3
bvwNcZI_0,refusal,2,1
nxYhZM2_0,refusal,18,9
MDwNHCn_0,refusal,6,3
4FoACNc_8,refusal,12,6
PuAJH2l_0,refusal,6,3
B9oLXbg_0,refusal,6,3
jVCDZ4m_0,refusal,16,8
v63lUVz_0,refusal,2,1
a9neAkZ_0,refusal,16,8
6vrm4aL_0,refusal,4,2
sRdO7l4_0,refusal,2,1
k4HSdK7_0,refusal,2,1
8PsNiJl_0,refusal,2,1
gSnRGkd_0,refusal,2,1
WokI8ry_0,refusal,2,1
WnO266J_0,refusal,2,1
S3v5VM7_0,refusal,4,2
7k7QWMp_0,refusal,16,8
ecxIyQL_0,refusal,2,1
WwQoEaG_0,refusal,2,1
PgpikG2_0,refusal,20,10
zDajbAc_0,refusal,8,4
PhPkOmm_6,refusal,2,1
qe5Xmha_0,refusal,6,3
w0B3a9x_0,refusal,2,1
cOE5v2f_26,refusal,16,8
Z2Vln9W_8,refusal,6,3
OrUDwsX_0,refusal,2,1
mbL9rHH_6,refusal,8,4
TYHN2rK_62,refusal,2,1
7HWLFTq_0,refusal,12,6
WkBXc7B_0,refusal,2,1
Vm7WaOP_0,refusal,6,3
uzyLH6c_0,refusal,6,3
91fmwsp_0,refusal,8,4
3DmUdIG_0,refusal,14,7
Unalxq9_0,refusal,2,1
Cgb1Kz7_0,refusal,16,8
ezPxUrC_0,refusal,6,3
tQJjzNO_0,refusal,4,2
AN7Y9dE_0,refusal,10,5
eEowLj1_0,refusal,2,1
RdeWl38_0,refusal,12,6
HZ4Fral_0,refusal,8,4
q32pjnd_0,refusal,2,1
ZZc2qgR_0,refusal,2,1
J2kfUy9_60,refusal,8,4
nswpJVA_14,refusal,2,1
NKLagrc_4,refusal,8,4
fUdn93T_12,refusal,8,4
ws31yJX_54,refusal,14,7
caceopc_0,refusal,2,1
99PgYyD_0,refusal,10,5
kY6gvMA_0,refusal,2,1
E6q4FEu_0,refusal,2,1
Tj8694c_0,refusal,18,9
zkOkGkU_0,refusal,8,4
j5DN5rc_40,refusal,6,3
0aFjbNj_0,refusal,6,3
04oNxeV_0,refusal,8,4
uOJmdHq_30,refusal,20,10
wi5xdWI_0,refusal,2,1
uc1HPCm_0,refusal,6,3
i9Q12nz_0,refusal,2,1
FBTbC5N_0,refusal,14,7
aP6mYOl_0,refusal,2,1
8jC6dT1_0,refusal,20,10
a1LLpxL_0,refusal,4,2
8oZacYv_0,refusal,20,10
7QfU5z0_0,refusal,2,1
tg5sopD_0,refusal,2,1
DFQKiFd_0,refusal,2,1
HxQjVWz_0,refusal,12,6
MYLt40K_0,refusal,8,4
IyQ84ZB_0,refusal,2,1
rp6djV7_0,refusal,10,5
W57jIZP_0,refusal,2,1
2Tt9W7V_0,refusal,8,4
SnX7oAy_0,refusal,20,10
mDZy5y8_0,refusal,4,2
PMs0dyQ_0,refusal,6,3
lRGmxQF_0,refusal,2,1
yZhfQFn_0,refusal,14,7
m0C9Gzl_0,refusal,4,2
0ykhqJG_0,refusal,10,5
9k88zTH_0,refusal,2,1
pCH6JK1_0,refusal,14,7
Dd19mDg_0,refusal,4,2
FRsMkb0_0,refusal,2,1
0uGAgE1_0,refusal,12,6
9eXWMUw_0,refusal,2,1
sRE04BU_0,refusal,2,1
QYo9g91_286,refusal,8,4
8VDSgag_0,refusal,6,3
rLnHMEv_0,refusal,2,1
F5wouRN_0,refusal,2,1
4VJlhXj_0,refusal,6,3
LgRcROx_14,refusal,4,2
xmVUsAy_36,refusal,4,2
BEiKZgC_0,refusal,2,1
wn9VWRq_0,refusal,6,3
elsA03W_0,refusal,2,1
KpzPQn0_0,refusal,6,3
jbdb4Or_0,refusal,2,1
LktNV4M_26,refusal,8,4
seVajOa_4,refusal,6,3
f9H4ikB_0,refusal,8,4
Ne0HVEd_0,refusal,2,1
DN2uoD1_0,refusal,8,4
Z17HzSo_0,refusal,10,5
4Ak7nkT_0,refusal,4,2
1OzTQcD_0,refusal,2,1
V2WPWxy_0,refusal,6,3
sTnw7Ky_0,refusal,8,4
bYPxvlQ_60,refusal,16,8
exb5v46_0,refusal,2,1
t6NFt10_0,refusal,4,2
ps2pe0s_0,refusal,8,4
4F44rft_0,refusal,4,2
d4OHMVt_0,refusal,8,4
ArvEYui_0,refusal,6,3
qANfDSn_0,refusal,2,1
HmZszHv_0,refusal,10,5
XZYcV9h_12,refusal,2,1
RF0s0DY_0,refusal,2,1
nXyzhBN_312,refusal,8,4
aTXU3do_0,refusal,2,1
X3hNwpj_0,refusal,6,3
Y8yBUjk_0,refusal,2,1
79vV0aT_552,refusal,12,6
CZEdskL_6,refusal,4,2
grmNn1v_0,refusal,20,10
5TqgNDh_0,refusal,4,2
J410gdS_24,refusal,2,1
TZUWIA9_0,refusal,6,3
fAfNLXj_0,refusal,6,3
lS80RwC_0,refusal,2,1
k81lAqS_0,refusal,2,1
5QFGyQU_0,refusal,4,2
tq2Fve0_0,refusal,2,1
qLEszEA_130,refusal,6,3
vbjK9dW_0,refusal,4,2
yhApKXb_54,refusal,20,10
Hpjc2j3_0,refusal,12,6
rGjRJuM_0,refusal,2,1
Vb1GJgp_0,refusal,2,1
3DGOV17_0,refusal,4,2
ZJSdb8r_0,refusal,20,10
t7iqISt_0,refusal,4,2
EzpwNDF_0,refusal,8,4
JVgQvLP_122,refusal,4,2
qRP6f60_0,refusal,16,8
x1VN4nG_0,refusal,8,4
gPmunOt_212,refusal,10,5
t5sOkhU_0,refusal,4,2
nq4HzFA_0,refusal,4,2
72qIaGg_12,refusal,14,7
gstWyzN_0,refusal,4,2
ZdCM3Eq_0,refusal,2,1
SAq8Yft_96,refusal,4,2
abScIKZ_0,refusal,4,2
20byaqd_8,refusal,2,1
jRwfTyb_0,refusal,2,1
HETclGQ_24,refusal,8,4
6qHcNsc_0,refusal,2,1
ufN4COd_0,refusal,4,2
MKhOge1_0,refusal,2,1
Qp7e1Bo_0,refusal,4,2
a4SoXld_0,refusal,2,1
sTZu5s4_6,refusal,12,6
ywXN050_34,refusal,8,4
tQRqk7D_0,refusal,2,1
5gDJAbh_0,refusal,6,3
AXxn7gj_0,refusal,4,2
9N2pqrU_0,refusal,4,2
5FxjlcG_0,refusal,4,2
cwAAqjX_26,refusal,2,1
BO2NyIi_0,refusal,2,1
B1naKV0_0,refusal,2,1
cS9NyxC_0,refusal,12,6
ggM0IEu_0,refusal,4,2
ovEWr13_0,refusal,4,2
ASQf5GW_0,refusal,2,1
wrDwNJV_0,refusal,2,1
wczJhxs_0,refusal,12,6
g6UBE89_0,refusal,2,1
JBqVcBs_0,refusal,10,5
my428lw_0,refusal,2,1
Wi7Op1u_50,refusal,10,5
dqOuPa8_0,refusal,14,7
7shKFuE_0,refusal,2,1
lWuLYmW_14,refusal,8,4
1944cYU_0,refusal,2,1
FWcyxQP_74,refusal,2,1
PY9Rjd3_0,refusal,4,2
lsdedzG_0,refusal,2,1
uNgQz37_0,refusal,10,5
rT0t6ll_0,refusal,2,1
nbOv5j5_14,refusal,12,6
M9qPY42_0,refusal,8,4
UBo2yLk_0,refusal,6,3
vHHLIFV_0,refusal,20,10
PPA2N0Y_0,refusal,6,3
BknNLgi_0,refusal,4,2
vdkJKGx_0,refusal,8,4
J3uUiIg_0,refusal,4,2
9nnWJcd_0,refusal,2,1
VDHfE8J_0,refusal,6,3
3qHxEPF_0,refusal,18,9
OnoPgQ0_0,refusal,8,4
U28XlUX_0,refusal,2,1
D1rIjhF_0,refusal,12,6
7KGceNZ_0,refusal,2,1
FMw6gQL_0,refusal,4,2
AYFIKRo_0,refusal,2,1
wESCTRj_0,refusal,2,1
PjvQZRU_0,refusal,2,1
txz9rVh_0,refusal,10,5
B4wkU45_0,refusal,2,1
Bv3aPSk_0,refusal,2,1
W39909V_0,refusal,12,6
HowF2Xi_0,refusal,10,5
9AhXPeb_164,refusal,2,1
Iciaeb2_0,factual,4,2
BnwFl27_0,factual,8,4
MhI1gHa_0,factual,14,7
Hc0Zm6i_0,factual,2,1
wfKHHzn_0,factual,10,5
X9zB9qX_0,factual,8,4
iizV2kb_20,factual,6,3
Qq7mXzq_0,factual,6,3
bZEdrpR_0,factual,2,1
9CzWu15_0,factual,6,3
iBouF20_0,factual,2,1
6hZX6Tc_0,factual,6,3
m3h48oR_0,factual,2,1
01mE8Gx_0,factual,8,4
UmEfYgW_2,factual,2,1
vMhtSLd_12,factual,16,8
dGABQKF_0,factual,2,1
LK9sgQY_4,factual,2,1
VYSLTMt_0,factual,12,6
2k3Z2sM_0,factual,4,2
ERmcIwA_0,factual,6,3
aB8j8V0_0,factual,16,8
fVHWF2Y_0,factual,2,1
OlXk02L_0,factual,10,5
toAIh2i_0,factual,8,4
eXUwANI_0,factual,2,1
9eNGssG_0,factual,12,6
lQHYg0f_0,factual,8,4
SNWSqgB_0,factual,2,1
P8M9rM5_0,factual,8,4
zXMnjUQ_0,factual,2,1
byO4v2B_0,factual,2,1
y0Am5Kt_0,factual,2,1
wOAhAyV_0,factual,8,4
2TxHsgW_4,factual,2,1
Q41vwGj_0,factual,2,1
z26rRup_0,factual,2,1
FYz7uJd_0,factual,2,1
gJ642Bn_0,factual,2,1
tx5BXaM_0,factual,8,4
biCFGS5_0,factual,2,1
JjaTCGa_0,factual,6,3
lWRLJrZ_4,factual,6,3
UZQTcG5_0,factual,20,10
wGrof4i_0,factual,8,4
jq9flzt_0,factual,2,1
cSZpO7a_0,factual,8,4
WTiPL7x_0,factual,6,3
0wPoxf6_0,factual,2,1
878Ccz1_0,factual,12,6
fr02yt9_0,factual,2,1
dVL3Jt2_14,factual,4,2
T5hqAxo_0,factual,2,1
Q3ppOVR_0,factual,6,3
9Qep354_134,factual,4,2
Iw3cjKq_0,factual,2,1
BMCReXr_0,factual,10,5
xrYRjAh_0,factual,2,1
AVb0dmf_0,factual,2,1
RjJQ1S2_4,factual,2,1
WYnmY5O_0,factual,8,4
jlKO5YY_0,factual,10,5
JwplmNR_4,factual,2,1
gxVivje_0,factual,8,4
pq0ijcn_0,factual,8,4
wu0DOvM_0,factual,10,5
X6ktHqR_0,factual,2,1
sInR82b_0,factual,18,9
3cUAIb0_0,factual,6,3
XxwMP9O_14,factual,12,6
OXzFRq9_0,factual,2,1
LDa8vii_0,factual,2,1
Tbew7gX_0,factual,6,3
cYCWG0F_0,factual,14,7
d7TEZyJ_0,factual,2,1
WMffEwK_0,factual,2,1
Ds8kK9c_0,factual,2,1
AmpvvAF_0,factual,2,1
lspj2Gb_0,factual,2,1
ixXnxcw_0,factual,6,3
auzcNZI_0,factual,2,1
rCVTWy4_0,factual,20,10
QOZrahF_0,factual,4,2
W4VB0sG_0,factual,10,5
1KZQtwT_2,factual,2,1
34762hZ_0,factual,4,2
xrD5Vjw_0,factual,2,1
ku5p9Ls_0,factual,2,1
1YbejWH_0,factual,8,4
BzsNWOQ_0,factual,4,2
rbHtbyZ_4,factual,2,1
9fJZhH6_0,factual,4,2
84i1bYk_0,factual,6,3
15lfOiQ_0,factual,2,1
XjkCASF_0,factual,2,1
7QH0HmL_0,factual,2,1
KEPjpaf_0,factual,8,4
EHgTEIn_0,factual,10,5
NOkwPPz_0,factual,4,2
CnLAOPl_0,factual,4,2
RVwYsKL_0,factual,4,2
RvSY8XA_0,factual,4,2
h7Tj7X1_0,factual,2,1
Nck94pG_0,factual,2,1
KRyRq79_114,factual,10,5
1YZ7yHI_0,factual,2,1
IjU2BxJ_0,factual,4,2
0QEltPi_0,factual,4,2
LAXd46s_0,factual,12,6
4ju6zWG_10,factual,6,3
iylDztx_0,factual,6,3
xvNdYqz_0,factual,12,6
7VgkMe0_0,factual,4,2
842ccxs_0,factual,14,7
L4iNTc2_0,factual,2,1
38uLowu_0,factual,2,1
2ExJkws_0,factual,4,2
jOFkC1q_0,factual,10,5
bRCzTVl_0,factual,16,8
3D7Qpuq_0,factual,14,7
12ptgjR_0,factual,2,1
cIv4T3J_0,factual,2,1
aMP8iwU_2,factual,2,1
ChaV8sI_0,factual,12,6
etBX9Al_26,factual,16,8
WG3PKSJ_0,factual,4,2
3FVSkUb_0,factual,2,1
hwyvzxA_0,factual,6,3
DMgRISA_0,factual,20,10
hJVGHEK_0,factual,2,1
iCyKLeQ_4,factual,2,1
ljZuCN3_0,factual,4,2
BwRQZjV_20,factual,2,1
5FNzxv2_2,factual,2,1
E3NrZ2D_0,factual,12,6
krIavlE_0,factual,4,2
zAkxeGF_0,factual,2,1
a5EHyKJ_2,factual,2,1
r2CWKoi_64,factual,4,2
yXVTFX7_0,factual,12,6
bFZD21Y_0,factual,10,5
e71dYhq_0,factual,6,3
eCa3plV_0,factual,12,6
urTyAz3_6,factual,2,1
BuGkPju_0,factual,14,7
k84OVqm_0,factual,10,5
f5lbrTY_0,factual,14,7
kY6gvMA_4,factual,2,1
BOim2I9_0,factual,10,5
k73HCh8_0,factual,16,8
TOFP7ka_0,factual,14,7
zLuPaie_0,factual,8,4
MNaPw1e_4,factual,2,1
Ca4s6LY_0,factual,18,9
wRqtVVg_0,factual,8,4
5L91ylT_0,factual,2,1
pf3Ihf3_0,factual,6,3
CEtnUS3_2,factual,2,1
fvrSnuC_0,factual,2,1
jJQwr3e_0,factual,14,7
wInzenH_0,factual,8,4
I5wmt7s_0,factual,2,1
GOqMidu_0,factual,2,1
Dmlb53D_0,factual,6,3
BFk0dJZ_0,factual,2,1
MCkLeVb_0,factual,2,1
v2b1TzW_0,factual,10,5
1J3h2OQ_0,factual,10,5
1y5Khrq_0,factual,2,1
Act4gDx_0,factual,2,1
3EdkipF_0,factual,2,1
jQWkCbN_46,factual,2,1
KleYh2p_0,factual,2,1
rpd2L59_4,factual,2,1
lyiSG8D_0,factual,2,1
YvyfBth_0,factual,4,2
gzYv8H4_0,factual,2,1
CzRun1N_0,factual,10,5
3R7Wd3I_0,factual,2,1
DAmIlSO_0,factual,2,1
41taKkW_0,factual,2,1
dhNHKSL_0,factual,2,1
O8djord_34,factual,6,3
6pdlu7a_0,factual,4,2
QROQ758_0,factual,10,5
iJTkKX8_0,factual,4,2
mPVEb69_0,factual,12,6
hts7Xlf_0,factual,2,1
UxB63if_0,factual,2,1
QZ12UBj_0,factual,12,6
6ndcopA_8,factual,2,1
ALKGMrl_0,factual,10,5
jeS4S4e_0,factual,2,1
H6lBATX_4,factual,2,1
SvEH1KA_0,factual,8,4
CZu8FiF_0,factual,6,3
diqck5D_0,factual,12,6
961nWbL_0,factual,6,3
vjnXY02_0,factual,4,2
1p20TAa_0,factual,10,5
YVZw4yE_0,factual,16,8
pwrjYWR_0,factual,6,3
LMfZj3g_0,factual,8,4
rQDwCmT_0,factual,14,7
GyXojyX_0,factual,20,10
TgHMKFv_0,factual,2,1
MYN3Ghe_0,factual,2,1
e77Ei51_22,factual,6,3
7jkBGHT_0,factual,2,1
ttyiRvD_0,factual,4,2
MA7WksY_0,factual,4,2
NAOoJuE_0,factual,8,4
6bih0rs_2,factual,2,1
zUnKmaL_0,factual,8,4
oTNStu2_0,factual,18,9
YFBh90o_0,factual,2,1
xP76Hz6_0,factual,2,1
pfCUE6y_0,factual,2,1
dZLlbmP_2,factual,2,1
DXMn4eN_0,factual,4,2
Yu9nEQY_0,factual,2,1
CMe0Odo_0,factual,4,2
pQUpuMU_0,factual,6,3
I2lsTnX_0,factual,2,1
AGVlujy_0,factual,6,3
quVKffw_0,factual,12,6
cMMbsJp_0,factual,2,1
iXwR8FE_0,factual,2,1
C0O3zbp_0,factual,4,2
tS31UUH_0,factual,4,2
n7cdnSz_0,factual,2,1
nKK6mvM_0,factual,4,2
EQMRaql_0,factual,2,1
FrOjSQ8_0,factual,12,6
2Pk4zKt_0,factual,12,6
Flgtz2b_0,factual,8,4
EGeZ3gD_0,factual,2,1
Zp8MuLh_0,factual,2,1
AgA0Ehs_0,factual,4,2
PpeC2du_8,factual,10,5
mLumxPi_0,factual,8,4
j3ZUgxm_0,factual,8,4
1oi7JWf_0,factual,16,8
aje9OJK_0,factual,10,5
5yrLy0f_176,factual,4,2
SRjZTgt_0,factual,12,6
3yaSZzH_0,factual,2,1
mX6BiTN_354,factual,12,6
MsYLyCL_0,factual,4,2
5wCpyaT_0,factual,2,1
bS0Q5iw_0,factual,12,6
hdwpMoI_0,factual,8,4
9dKNTQo_128,factual,12,6
GFujTwy_0,factual,2,1
cweylAE_6,factual,2,1
ceu5BNs_0,factual,2,1
j61e8pd_0,factual,14,7
NZsJd5m_0,factual,2,1
5cxEGva_16,factual,2,1
FPbCOuq_40,factual,12,6
oVofpDL_0,factual,4,2
DX1dT3Z_0,factual,6,3
MiLGpsN_0,factual,2,1
hnLCKGJ_10,factual,4,2
uD7CBng_30,factual,6,3
ED389oo_4,factual,2,1
BkbhiBv_0,factual,2,1
s25zmhi_0,factual,8,4
zsbTIpY_0,factual,8,4
ey5D3FI_0,creative,10,5
TWSDRXK_0,creative,4,2
AadzuTF_0,creative,4,2
B0TycCp_0,creative,2,1
h4ZC1fl_132,creative,10,5
V63RHVX_0,creative,6,3
gco1uqZ_0,creative,20,10
ZmoaKkv_0,creative,2,1
lLTkXcq_0,creative,4,2
yVCa9pe_0,creative,2,1
o8XkNcs_0,creative,14,7
i2RqxDd_0,creative,8,4
mPtal2d_0,creative,4,2
T5tmt5F_0,creative,2,1
xJM3EMH_0,creative,4,2
00KCKlp_14,creative,14,7
nnPT4Cq_0,creative,2,1
032MaSi_0,creative,2,1
LScfosR_0,creative,2,1
3xB7vJ2_8,creative,6,3
6egf9aM_0,creative,2,1
LLIptht_0,creative,12,6
1n6Qqch_0,creative,2,1
NzM8Uwb_0,creative,6,3
wDctXVF_0,creative,2,1
JPBvpJ9_0,creative,8,4
8Ei88kb_0,creative,6,3
coYqAQp_0,creative,10,5
It5Tfyt_164,creative,2,1
8PfYIHy_6,creative,8,4
vo0UJjV_0,creative,6,3
WZvpy3a_0,creative,12,6
eo0YhAS_0,creative,2,1
x1BEDJU_0,creative,6,3
Gep8xCR_0,creative,10,5
YrSm7y9_0,creative,4,2
jgsdZaX_0,creative,2,1
JxdtE6B_0,creative,6,3
i9URSEa_0,creative,2,1
9p0U4ku_0,creative,6,3
8cFNcVG_0,creative,14,7
nvQMOfk_0,creative,12,6
DENImq3_0,creative,10,5
MaIpNAN_4,creative,2,1
CSEEabu_0,creative,10,5
VHOkREo_0,creative,6,3
hRVKLa2_0,creative,14,7
BWRMcfU_0,creative,2,1
2TxYMX9_0,creative,4,2
EUDHDp1_0,creative,2,1
iwhBcET_0,creative,4,2
gdqLVL6_0,creative,16,8
0vtu97V_0,creative,4,2
mQkzgi4_0,creative,6,3
KFoAV64_0,creative,2,1
kS6twK0_8,creative,2,1
5qjPXGl_18,creative,2,1
ADbD4e4_8,creative,4,2
vfQwZjT_0,creative,2,1
FxGYMiP_16,creative,2,1
cFBqzVl_0,creative,2,1
wqm9Ids_14,creative,6,3
h06oPbC_0,creative,4,2
oKPwUbM_0,creative,6,3
lWLBUhQ_134,creative,8,4
RQyZQ2i_0,creative,2,1
9qvycRP_0,creative,2,1
1za1xJZ_0,creative,2,1
WVRdXvv_0,creative,2,1
eIgPNa5_0,creative,4,2
FLrqClu_114,creative,10,5
I43LfRS_0,creative,2,1
gv5T4aX_0,creative,6,3
bokGdQp_0,creative,6,3
gKmACWH_0,creative,2,1
BBu91Pc_0,creative,2,1
Pwr1WrI_16,creative,2,1
1i3dMmQ_0,creative,2,1
3hoQ3OG_0,creative,6,3
9Zx0ovl_0,creative,6,3
yj1D6GW_0,creative,10,5
DojMoRu_0,creative,2,1
4fB4ivP_0,creative,4,2
ZBEC7iR_0,creative,4,2
fnuLBKl_86,creative,4,2
FUDxi60_0,creative,12,6
h9J9rdu_0,creative,2,1
XV4FTv7_0,creative,16,8
3O58O6i_4,creative,6,3
qebJpmI_0,creative,12,6
NdIHkc3_0,creative,8,4
aQsokWd_0,creative,2,1
ri9By13_0,creative,2,1
fs7xXqV_0,creative,6,3
OrJDJKV_0,creative,2,1
LBCoROx_0,creative,2,1
i2VDXu3_0,creative,4,2
ikys9xL_0,creative,2,1
W0QJRmT_2,creative,2,1
CW4NU2y_0,creative,4,2
4wPvIPR_0,creative,4,2
atvTTen_0,creative,2,1
MbdgiLa_0,creative,2,1
rYcPrNo_0,creative,4,2
LIMHtqO_0,creative,10,5
Znw5LyT_0,creative,6,3
88tahAX_0,creative,16,8
JT9hdu1_0,creative,4,2
jfZq3ip_0,creative,2,1
VPT6xsr_0,creative,12,6
lwq6xay_0,creative,2,1
w0iu7ow_0,creative,8,4
K1Z7wIo_0,creative,8,4
O5193eu_0,creative,4,2
BAySQ85_10,creative,4,2
pD5ydKR_0,creative,6,3
i33zh1e_0,creative,16,8
QOiUauK_0,creative,2,1
NOUIaQI_24,creative,2,1
3o9YVCn_2,creative,2,1
RygT8tQ_0,creative,6,3
zqMcD7V_0,creative,6,3
eMP6vHb_0,creative,12,6
Sh1OW4q_0,creative,6,3
IrP4PQa_0,creative,6,3
m1wDjJv_0,creative,2,1
pJtPGtW_0,creative,4,2
QFGX9cU_0,creative,4,2
N6ZQok6_0,creative,6,3
xkMDPvR_0,creative,8,4
S8Dd2PL_0,creative,8,4
boXdSBE_0,creative,12,6
KIgNvaE_10,creative,2,1
hT6CTXU_0,creative,4,2
nP65UIz_0,creative,2,1
YQOsBNp_0,creative,20,10
pvu5nJt_0,creative,4,2
Aj27wRm_0,creative,2,1
NojIYW8_0,creative,16,8
awLMWbx_0,creative,2,1
soFAlfZ_0,creative,6,3
9WbxP6K_0,creative,12,6
JTN2LSN_0,creative,2,1
nqeg8b3_0,creative,4,2
VFFOJv8_0,creative,2,1
giIkWR9_0,creative,6,3
IDCMYIF_0,creative,6,3
4H2V6At_6,creative,4,2
9pp95bH_0,creative,2,1
GJpf1ou_0,creative,12,6
8ZDaie8_0,creative,2,1
MoBEID3_0,creative,14,7
EehaXJj_0,creative,10,5
XwCUknl_0,creative,10,5
qQ71fue_0,creative,12,6
yaq9fh0_0,creative,20,10
eLZc53T_0,creative,2,1
NV7xlx2_0,creative,8,4
djVFXKG_0,creative,2,1
4nmVhci_0,creative,8,4
mUWTGPl_0,creative,6,3
1OYEI9D_0,creative,4,2
dgwvUZt_0,creative,14,7
jyihkyA_24,creative,2,1
9O5C9Bv_0,creative,6,3
y7rRvtT_0,creative,6,3
VYIFIrT_24,creative,8,4
b0QlRXl_22,creative,8,4
DCEjfbV_0,creative,10,5
7ASUJ4j_0,creative,2,1
6DlPq48_0,creative,4,2
KQdyU64_0,creative,2,1
2HRcc9w_0,creative,8,4
DMugzT2_0,creative,6,3
2RMUX8D_0,creative,2,1
RXFQfsJ_0,creative,12,6
3QHLNUy_0,creative,6,3
8FhjyXt_66,creative,4,2
UlLTrZg_6,creative,6,3
5EYmwNK_0,creative,8,4
WyLu0ye_0,creative,6,3
clWgSE0_0,creative,12,6
VdJVKI4_0,creative,2,1
4LrnBfH_0,creative,2,1
CMlNQq3_0,creative,4,2
lru1MYZ_0,creative,4,2
i0PCzLh_0,creative,8,4
j1J5uXh_0,creative,6,3
p1xEyf4_0,creative,10,5
CgLYdtz_0,creative,4,2
BXW2c69_0,creative,4,2
TnwWAuH_140,creative,20,10
LX2pQab_0,creative,2,1
jliUaDU_0,creative,14,7
R6x3Wne_0,creative,2,1
Fmivq5V_0,creative,6,3
ns3ayDl_0,creative,20,10
idMbOQT_28,creative,12,6
WIE0oFK_0,creative,4,2
pfflLa1_0,creative,4,2
Kkr8HLp_0,creative,2,1
8TrdWus_0,creative,2,1
R1F4uqN_18,creative,4,2
iVaBYbg_8,creative,10,5
FPFPG3Z_0,creative,10,5
a4TPeYq_0,creative,20,10
Gn5S5De_0,creative,2,1
QBM7QKq_0,creative,4,2
0kN4G4t_0,creative,2,1
ArGwLEv_0,creative,2,1
t42h9lo_0,creative,2,1
ld5kMVJ_0,creative,8,4
cVebEK5_0,creative,2,1
TUXPdDQ_0,creative,18,9
f68qL0B_38,creative,6,3
q2YABWa_0,creative,2,1
DWBkJe8_0,creative,2,1
ZvSaThB_0,creative,4,2
frU68qp_0,creative,10,5
OtNjhEM_0,creative,6,3
uRcu0y8_0,creative,2,1
Cx0pG6T_0,creative,10,5
Qsb4Xej_0,creative,2,1
jxheBBQ_0,creative,6,3
UDTuIgS_0,creative,2,1
AraCoOn_0,creative,12,6
ymHrbj9_0,creative,2,1
SkTLIEr_0,creative,2,1
B2UqLru_0,creative,2,1
A75vSp0_0,creative,6,3
GyA0yxl_0,creative,2,1
9UDeCis_0,creative,2,1
wkH83qw_8,creative,6,3
ChIUtp2_0,creative,2,1
l1Iz5rN_0,creative,10,5
e7MwvEn_0,creative,2,1
DzNEPIu_0,creative,8,4
CqJTtJZ_78,creative,2,1
FGgaOHr_0,creative,10,5
3dtASzd_8,creative,4,2
XpvZoN8_0,creative,4,2
vtjAgvt_0,creative,2,1
O5URKFD_0,creative,12,6
WgyZrD2_0,creative,8,4
OW5C5aW_0,creative,4,2
stuSqO9_0,creative,14,7
5DvDphQ_0,creative,2,1
mFybiXU_0,creative,2,1
uAUFQPt_44,creative,10,5
mBz3ouq_0,creative,6,3
Hl9bpNW_0,creative,8,4
xjyghYe_0,creative,14,7
yJ1Fs4m_0,creative,4,2
eUKHoQq_0,creative,8,4
7uSzi6w_4,creative,2,1
r8XNKlj_0,creative,14,7
eesghRH_0,creative,6,3
ZLug1A6_0,creative,2,1
K63ooa9_0,creative,12,6
exiANTK_0,creative,20,10
Y34SahJ_0,creative,4,2
BMNVlj7_0,creative,10,5
3owjvgf_0,creative,2,1
wDM4jo8_0,creative,4,2
OXJ6K3i_274,creative,6,3
F6KcEez_0,creative,8,4
bMO2wID_0,creative,2,1
xFQSgMU_0,creative,2,1
e5JMZcx_0,creative,6,3
01yd5Cx_0,technical,2,1
qLEszEA_160,technical,2,1
tfH7xBP_0,technical,8,4
mVJEzzL_0,technical,2,1
SGFlIg3_0,technical,4,2
gLn9Urk_0,technical,2,1
0xOEjPd_0,technical,4,2
YpleI8A_274,technical,12,6
wzkm0au_0,technical,6,3
bExVaUO_0,technical,6,3
Q6HBUxl_0,technical,2,1
GFIczDf_0,technical,2,1
tVBCRmf_0,technical,4,2
QtiSpGS_0,technical,12,6
VtueYbC_0,technical,4,2
PvxNHHk_0,technical,8,4
6cz1Sq6_260,technical,2,1
NLMxxxR_0,technical,14,7
kTE6ZJS_0,technical,8,4
bWqlkwd_0,technical,4,2
sQeKKBp_0,technical,8,4
AjjEn0n_0,technical,4,2
Rz4PjdR_6,technical,6,3
yCv5tI8_14,technical,6,3
tJkPZbz_4,technical,6,3
2EHS7o6_0,technical,2,1
JavT9yn_38,technical,14,7
TgPWpQ3_0,technical,2,1
4HtPrgQ_0,technical,12,6
aWCa7kR_0,technical,4,2
lexdZIC_0,technical,2,1
NxG2nGm_152,technical,16,8
8oFwepv_0,technical,6,3
cNoNdWc_0,technical,2,1
P4yVfwf_0,technical,2,1
UUaR1PN_6,technical,2,1
9DwmlaY_0,technical,2,1
sxfc62C_2,technical,2,1
SpP4Ity_0,technical,6,3
BWBKbQU_0,technical,4,2
93XcJ67_110,technical,6,3
MRRwe7g_0,technical,2,1
8gX5F3y_0,technical,8,4
8I9eNzn_0,technical,4,2
qwvGIHn_0,technical,14,7
WNko23j_0,technical,4,2
Lk4UN8n_132,technical,2,1
It5Tfyt_120,technical,6,3
6FkYBNR_0,technical,2,1
YPjF10v_0,technical,2,1
OPCnjrJ_0,technical,2,1
EehxB5H_0,technical,8,4
RdaxiWD_0,technical,6,3
Rn9PjoJ_0,technical,18,9
kay3NZp_46,technical,8,4
xCp2vOB_0,technical,4,2
B1Ln6vA_0,technical,2,1
7ycdE3D_0,technical,6,3
m18rQ8q_142,technical,6,3
pHuB91S_0,technical,4,2
hIULog1_188,technical,2,1
rOSzmyP_16,technical,4,2
MhUYnV3_0,technical,2,1
tcZGrT1_0,technical,6,3
mhelviF_0,technical,8,4
cHaZdVY_0,technical,12,6
PaSXZnW_0,technical,2,1
JX0q8FW_0,technical,6,3
miOKGt1_112,technical,6,3
CvVLg2J_24,technical,2,1
fWi09w6_0,technical,4,2
OL4TRB5_0,technical,6,3
OWHO79y_0,technical,10,5
3D3oQC0_260,technical,2,1
5nMa48R_0,technical,2,1
HgiUV0r_0,technical,8,4
CbqFy9i_0,technical,4,2
uRiK9xm_28,technical,6,3
sO8xr80_0,technical,4,2
yxOLalR_0,technical,2,1
5ve5K6P_0,technical,10,5
ds5WRX8_0,technical,2,1
nlTZJHp_0,technical,10,5
HcUTklr_14,technical,4,2
nswpJVA_18,technical,10,5
VJsnlnI_2,technical,2,1
hikUILN_0,technical,8,4
TFBcXUj_0,technical,2,1
VSQ0F1h_0,technical,6,3
1xy53JF_0,technical,6,3
vl3is2s_30,technical,14,7
OTsLhb9_0,technical,12,6
tme1B1X_132,technical,12,6
amrsfzF_0,technical,4,2
OH9c6QL_0,technical,4,2
fFL5SBl_16,technical,6,3
plxjkvX_0,technical,8,4
hsBiEPv_12,technical,10,5
d1V02P7_0,technical,2,1
de2Czzb_0,technical,8,4
dxbWNWU_0,technical,4,2
te0Uheo_0,technical,8,4
bjcVD0W_0,technical,4,2
nNA2MJ9_0,technical,14,7
UJNAAqc_0,technical,2,1
vwCsfbt_0,technical,6,3
ZBSkpX7_0,technical,8,4
UGi7zQF_0,technical,2,1
Xac3nId_14,technical,4,2
gXSFDfV_0,technical,6,3
p5HqGjx_0,technical,2,1
NQidTGi_0,technical,8,4
8NfdthH_0,technical,6,3
CIiFTc5_0,technical,2,1
v4jtuPg_0,technical,8,4
lFrBN1N_0,technical,10,5
te0Uheo_16,technical,4,2
Wogwl8O_0,technical,2,1
y03H32R_0,technical,6,3
f9XBWSi_0,technical,16,8
ivqSurZ_0,technical,8,4
bFNVOeL_0,technical,4,2
yAwGFqP_116,technical,2,1
v4bTK7f_0,technical,6,3
mprpzAX_0,technical,8,4
cDkdP3c_0,technical,4,2
xPbm27n_0,technical,2,1
glZ5aeh_0,technical,6,3
j4hlhF5_48,technical,4,2
ic7CbUP_0,technical,4,2
GG8dVob_0,technical,4,2
ykrFekg_0,technical,4,2
Ve90MbB_0,technical,2,1
dTMQcnb_192,technical,8,4
a43OCPz_0,technical,14,7
teO3Evt_0,technical,2,1
uLyhvex_0,technical,4,2
EHbZOMc_8,technical,12,6
XXSYey6_6,technical,2,1
RBXOioK_0,technical,8,4
jKqNBVf_0,technical,8,4
4mRAHxv_0,technical,8,4
wMM0Mj6_0,technical,8,4
m5WZ23c_0,technical,4,2
MxUTn2E_74,technical,10,5
iNrQTbo_30,technical,6,3
vIMxvxY_14,technical,12,6
YNsFwNk_0,technical,8,4
aCtZoBU_6,technical,2,1
phwPziH_0,technical,2,1
hORBJOf_0,technical,16,8
NOQUmsk_0,technical,2,1
CzTEJgz_44,technical,2,1
Fjlj3MW_54,technical,12,6
ofljChm_28,technical,8,4
6cCzhwb_0,technical,10,5
kVuhyMm_0,technical,2,1
XuasKzy_0,technical,4,2
hBcawYi_0,technical,10,5
Pwr1WrI_20,technical,2,1
01gVJ2y_0,technical,6,3
PYLjGbI_0,technical,4,2
r4YaVDG_0,technical,2,1
Tji1Tde_12,technical,2,1
MKPpo7v_0,technical,16,8
vHvTV11_0,technical,2,1
qLPuTov_0,technical,6,3
A4czAAd_0,technical,2,1
62YjlwM_16,technical,4,2
UftXCTw_0,technical,6,3
ecV4tyN_0,technical,6,3
7YMKZJh_0,technical,10,5
7RcwewL_0,technical,14,7
iwcVyKX_0,technical,14,7
YCWfxcv_0,technical,8,4
KOUarZd_0,technical,8,4
jumobQy_0,technical,10,5
bePDR5i_0,technical,6,3
DnGdKtp_0,technical,4,2
kKzbg36_0,technical,4,2
RugUkkI_0,technical,2,1
5uPssAE_0,technical,8,4
lAVrgYE_0,technical,6,3
7mH2NVL_0,technical,12,6
7fkwOdn_0,technical,4,2
qBeHtRm_0,technical,8,4
iohi53q_0,technical,20,10
qockz99_0,technical,10,5
8jtufsE_0,technical,18,9
asa6Zzm_0,technical,2,1
P8ICsBA_0,technical,6,3
P15ArRr_24,technical,14,7
VEG4F59_0,technical,2,1
AtjPaMv_0,technical,2,1
AsANpP4_0,technical,8,4
JXREDs0_26,technical,4,2
4Vehjay_0,technical,2,1
a6jGjlH_40,technical,4,2
11PY28P_0,technical,4,2
CVKeQsu_0,technical,10,5
t1GgKX0_0,technical,8,4
iwLvc6f_0,technical,4,2
mV3kUK6_0,technical,14,7
vr6svcx_0,technical,2,1
JmjoAN2_0,technical,6,3
qLEszEA_84,technical,8,4
bEFpaRo_0,technical,2,1
8463P12_0,technical,4,2
te42rUu_0,technical,6,3
0Site6W_0,technical,4,2
RZVJdYq_0,technical,6,3
n95NPw4_0,technical,8,4
GcvQOqw_0,technical,4,2
afCogMg_12,technical,2,1
Qoquz34_66,technical,12,6
VpZs4Cd_0,technical,2,1
cc0E1Rr_0,technical,2,1
6cWQqMs_0,technical,10,5
EEA4Ykp_0,technical,2,1
rRImmGB_0,technical,8,4
MDSjBAh_0,technical,2,1
OFLvbJR_0,technical,6,3
kfjjyo2_0,technical,2,1
OmK7zHL_0,technical,8,4
pfd69M3_0,technical,10,5
QkAkVYZ_0,technical,6,3
VCMFIeB_0,technical,10,5
JSLFrw6_0,technical,8,4
k4PiPlA_14,technical,14,7
UhxVhc4_82,technical,4,2
qQq2J4G_224,technical,20,10
pcUggl9_0,technical,4,2
kV9M1S4_0,technical,2,1
clATimK_0,technical,2,1
drXR8hR_0,technical,6,3
O3BoAoK_0,technical,2,1
m0ZVfTE_0,technical,6,3
gZpLWpC_0,technical,2,1
XXzOnjy_0,technical,18,9
kKpaNuL_0,technical,10,5
fjOlEtF_0,technical,4,2
szW3Zmf_0,technical,2,1
vKHUJgH_0,technical,2,1
L3GFjS0_0,technical,2,1
G2uRmRZ_0,technical,2,1
Z1GxDfZ_0,technical,6,3
cOq3ydx_0,technical,8,4
05a2xbL_0,technical,2,1
f5Slkfe_0,technical,8,4
oDrL56b_0,technical,12,6
nswpJVA_58,technical,2,1
zg3BvqC_0,technical,6,3
ETMsxLR_0,technical,2,1
b76JUGd_48,technical,4,2
9XupFvV_0,technical,6,3
YkExp2t_8,technical,2,1
K87zp20_0,technical,8,4
JDOEpKQ_0,technical,2,1
POg81g3_0,technical,2,1
nevXNMU_0,technical,4,2
iqPG9aE_0,technical,4,2
atCq9V5_0,technical,2,1
yvR01DM_0,technical,2,1
XD92W9j_0,technical,8,4
a9Hws5s_0,technical,4,2
oPOTyid_178,technical,8,4
js3XTMH_0,technical,4,2
HnmG7cA_0,technical,6,3
gJSRGcJ_0,technical,8,4
AlO1qiI_0,advice,2,1
g6ABxdA_0,advice,12,6
JQqd5RH_0,advice,2,1
s6XI7aI_0,advice,12,6
S1662v0_0,advice,10,5
mDSDKP3_0,advice,4,2
m5lDmbm_0,advice,4,2
MCI1EVK_0,advice,12,6
2yczPqP_0,advice,4,2
gzINxlO_0,advice,8,4
rqSNJ3n_20,advice,14,7
0g8CQnr_0,advice,4,2
SMRmbdo_0,advice,8,4
9Pvte21_0,advice,4,2
og6meP4_0,advice,6,3
jllmLyY_0,advice,6,3
A7NBPjc_0,advice,8,4
1HTYu3t_0,advice,2,1
Pdn46Sc_0,advice,8,4
AnZWzBO_0,advice,12,6
bxjm0lz_8,advice,6,3
i1gRbnY_0,advice,12,6
7pshKP6_0,advice,4,2
ahA3fDA_24,advice,16,8
H461N6y_0,advice,2,1
j2aniDa_0,advice,4,2
4D6AIGY_4,advice,4,2
HaAbW31_0,advice,14,7
M5zaN8c_16,advice,18,9
VhICqLQ_0,advice,18,9
luC18OZ_24,advice,16,8
xWKiNvd_0,advice,6,3
lmdTaX9_0,advice,6,3
JOiWJbF_0,advice,12,6
o2CNlpa_0,advice,4,2
WiD6jA4_0,advice,8,4
N0hf8kA_0,advice,6,3
2GAlvlV_0,advice,4,2
8wpTvvy_17,advice,8,4
F19FHr3_0,advice,8,4
HQIbMeo_0,advice,10,5
1fqOQiZ_0,advice,2,1
UuHdtc0_0,advice,6,3
3D3oQC0_236,advice,6,3
3D3oQC0_186,advice,2,1
7auaVk9_0,advice,6,3
GsWjeOT_0,advice,6,3
rfA6iEZ_0,advice,6,3
STKl7vC_0,advice,10,5
gs9CBh7_0,advice,2,1
ObDK9rG_0,advice,2,1
ZBH3k63_0,advice,14,7
isy6D4H_0,advice,12,6
d09Zm0l_0,advice,8,4
fz4U2nB_0,advice,2,1
5Rpp72b_148,advice,12,6
sPp3NiE_0,advice,2,1
ZB4vsDI_0,advice,6,3
DHMbAG4_4,advice,2,1
Htw2Oat_0,advice,10,5
fM83Zop_0,advice,10,5
Bmic1Id_0,advice,16,8
lZ4GZus_0,advice,6,3
TiUjmAo_0,advice,12,6
KybCg0P_0,advice,4,2
GrgEMkb_0,advice,8,4
xYZEpdi_0,advice,4,2
h3XKH0f_6,advice,6,3
Gf5UpK7_0,advice,12,6
H0FMtrb_0,advice,20,10
DcgWbyi_0,advice,8,4
lxmXFMu_0,advice,4,2
dUghCE0_0,advice,2,1
l1g45Uf_0,advice,2,1
MseLP9W_0,advice,6,3
obkWTZ2_0,advice,6,3
ZwZTbrB_0,advice,10,5
FEXRDXK_0,advice,4,2
LrzCZR6_0,advice,14,7
zAaHo3D_0,advice,8,4
OCwMbpK_0,advice,2,1
JCHLMlu_0,advice,6,3
suvvoPb_36,advice,4,2
oOSAare_20,advice,4,2
GszHI87_0,advice,14,7
6dPu1r4_0,advice,18,9
R6qpTSb_0,advice,2,1
lgEW3ve_0,advice,8,4
KEEOAEa_0,advice,14,7
0wjmNji_0,advice,14,7
3asKFse_0,advice,10,5
0UCPbHi_0,advice,20,10
cg4jmra_0,advice,2,1
yV6H6k8_0,advice,12,6
RmMXauf_36,advice,4,2
99zadnF_0,advice,2,1
3p3z5x2_0,advice,2,1
y8BFlWI_8,advice,6,3
ypbA5WZ_34,advice,16,8
3bd6dNO_0,advice,4,2
rSE7zbQ_0,advice,2,1
KwEdJWt_0,advice,4,2
tci06en_40,advice,10,5
L33lfzn_0,advice,4,2
8EgmXuz_0,advice,2,1
24cbcky_0,advice,6,3
Gebs6W5_12,advice,2,1
j432BUt_0,advice,12,6
sAlLPYz_0,advice,2,1
CcQ9JCK_0,advice,8,4
gPKkL6W_0,advice,2,1
F19qjV0_0,advice,10,5
Oz02dU5_0,advice,2,1
F4CXuCY_0,advice,12,6
6ELlAie_0,advice,14,7
VH6lOAm_32,advice,4,2
qMcBydt_0,advice,4,2
DepSThA_0,advice,6,3
xNfCiaj_0,advice,4,2
peLQfGM_0,advice,6,3
DOiHAYa_0,advice,18,9
5Tg7JkE_0,advice,12,6
Lps0Bij_0,advice,2,1
KCOl0Ct_0,advice,2,1
o2Sq0jd_0,advice,8,4
LOw3KFJ_0,advice,8,4
gwTu0Cn_0,advice,12,6
Y8NrnrH_0,advice,10,5
hSyhMX4_0,advice,6,3
5hqbj8O_0,advice,2,1
owFz8Jx_0,advice,2,1
LoG8xOo_0,advice,4,2
7R7hmM2_0,advice,4,2
8y5zpFy_0,advice,2,1
y6eWpSq_0,advice,6,3
SRfsWF1_0,advice,2,1
Qy8mGAE_16,advice,12,6
vMQyTgW_0,advice,2,1
aCaWd4s_0,advice,14,7
oO7gcnk_0,advice,2,1
r3oBmuv_0,advice,2,1
FAWsCnq_0,advice,4,2
SHN2ppK_0,advice,4,2
QYo9g91_308,advice,6,3
j9SUSd8_0,advice,6,3
lFXZF8T_10,advice,2,1
3iW1XC3_0,advice,6,3
CROkADI_0,advice,2,1
LUyTRd4_0,advice,8,4
X5JQOcW_0,advice,16,8
mt42wM4_0,advice,4,2
9PrOJz7_0,advice,2,1
1kE6haW_272,advice,4,2
LGIB1uP_6,advice,4,2
6SjaFQ0_0,advice,10,5
XRejkNe_0,advice,8,4
AuEUW31_0,advice,6,3
4367C8k_0,advice,14,7
BYvujRa_0,advice,10,5
9j6UDN6_0,advice,8,4
rsAHHKS_0,advice,6,3
1QlLMvz_8,advice,4,2
1W95mLZ_0,advice,14,7
4Jgmdsx_0,advice,2,1
dot2O43_0,advice,2,1
yJEzrkS_0,advice,2,1
qsj6Z0Y_0,advice,4,2
EmAb0FR_0,advice,6,3
H0ougDf_0,advice,12,6
65SExU5_16,advice,2,1
Kxol5Er_0,advice,12,6
OLc5cYf_326,advice,4,2
UEJjfMs_0,advice,6,3
jMr7wZm_0,advice,12,6
dF8C1TM_0,advice,4,2
Rxwms9C_0,advice,20,10
N8SdyaW_0,advice,4,2
sPGePXn_26,advice,2,1
GdLNL9L_0,advice,4,2
0IFEMjM_0,advice,4,2
m6gKIx3_0,advice,10,5
ZB88VgT_0,advice,6,3
Y0UCfdp_0,advice,10,5
2UXSQk3_0,advice,20,10
IHGDatR_0,advice,4,2
38O7J1h_0,advice,6,3
vQJPMbO_24,advice,16,8
jg4jBKm_0,advice,2,1
Lzy51Ck_0,advice,2,1
tDPXObj_46,advice,6,3
KRjl74Z_0,advice,12,6
McR6J3R_0,advice,12,6
HmZ74Y9_0,advice,4,2
Kh6wwCq_0,advice,10,5
z2isrVr_0,advice,4,2
gJfqai2_0,advice,4,2
OWh2AX6_0,advice,2,1
BgOrN6H_0,advice,4,2
x0TXypP_18,advice,10,5
m9v7ser_0,advice,4,2
vF05Y0K_0,advice,4,2
qMqbg80_0,advice,4,2
zX5iazJ_0,advice,8,4
F6HalnK_0,advice,10,5
FX5euSM_0,advice,4,2
ig8ggp5_0,advice,2,1
3D3oQC0_188,advice,2,1
IEZVWfE_0,advice,10,5
EWKY9l8_0,advice,2,1
XHj6XEJ_0,advice,12,6
zrFZkAu_0,advice,2,1
Fr8L3t5_0,advice,8,4
3dwE8o3_0,advice,4,2
pkG4e4o_14,advice,8,4
oHaYN2B_0,advice,12,6
71r2VKK_0,advice,2,1
mZzJIEh_0,advice,4,2
epEeAe3_0,advice,4,2
FFRISEe_0,advice,6,3
aDqty4d_126,advice,20,10
1uKV17M_0,advice,12,6
n6cvXSR_0,advice,6,3
6hCVSa9_0,advice,2,1
t7T1Y0G_0,advice,10,5
PjK658F_0,advice,4,2
MKNV0AI_0,advice,4,2
0PpGxN1_0,advice,12,6
lImjNWH_0,advice,4,2
sIO4vIM_0,advice,14,7
tESxx1y_0,advice,4,2
NzEB05Q_0,advice,6,3
IqVsDp7_0,advice,8,4
FKgh8W8_0,advice,6,3
fedzUIz_0,advice,12,6
HBtyxQx_0,advice,2,1
E8O0T8W_0,advice,2,1
4JcVqsY_0,advice,12,6
yjBrLyK_0,advice,4,2
ahClVzd_0,advice,12,6
5arAsRS_0,advice,2,1
a2jhwqR_0,advice,2,1
jTsijHR_0,advice,18,9
um6Isd4_0,advice,14,7
bhZR2Sv_0,advice,6,3
JVgQvLP_68,advice,12,6
x8xxk5L_0,advice,10,5
cfVaLV2_0,advice,12,6
cJcQpcj_0,advice,8,4
bleoC4K_0,advice,6,3
Indqegz_0,advice,6,3
F5Ul8oc_0,advice,16,8
QcN4lE5_0,advice,16,8
LcXhpkB_0,advice,10,5
srFUM7m_0,advice,2,1
6cz1Sq6_236,advice,6,3
RReCreP_0,advice,16,8
8lmGs77_0,advice,8,4
GvGi6rJ_0,advice,20,10
moARQa7_0,advice,8,4
hD6I6yl_0,advice,12,6
1xkDf2s_0,advice,2,1
U9WRTUn_0,advice,4,2
o8e3O5Y_0,advice,2,1
t8qQ3UB_0,advice,2,1
eCvrPCk_0,advice,6,3
KSyNsFH_0,advice,4,2
8p1Wa3W_0,advice,2,1
eYW5SiW_0,advice,12,6
1kE6haW_288,advice,6,3
C31ZWiL_0,other,2,1
FlvsHKg_6,other,4,2
GK3SFMz_0,other,8,4
aXx9YEU_0,other,6,3
tzJ6yxo_0,other,12,6
DwRlSBC_0,other,2,1
qoa4kBL_0,other,4,2
7gXCU2V_0,other,4,2
1U0fQy7_0,other,6,3
We0tXso_0,other,2,1
Ub2cZeV_0,other,2,1
SLrpbSJ_116,other,6,3
oNVrH4L_0,other,2,1
dOSpok5_0,other,10,5
RDaRmoz_0,other,6,3
DNGgAdu_0,other,4,2
hXYFkwv_0,other,20,10
aOks7Qb_0,other,14,7
0JnU7SF_0,other,2,1
ToW4Tra_0,other,2,1
UwtHoaT_0,other,8,4
mFa5dxA_0,other,12,6
5vdsKPu_0,other,2,1
HIHsEYG_0,other,2,1
SGmL3GZ_0,other,6,3
YbmyQZy_12,other,2,1
YoOzNfm_0,other,2,1
v11Tpg9_270,other,10,5
FyuKlzQ_0,other,8,4
qTKNJll_14,other,10,5
98RX0r4_0,other,10,5
PagxQUd_0,other,8,4
nvv6Muo_0,other,2,1
rHOc54n_0,other,2,1
vXfHYnX_0,other,4,2
YP2Ynd9_122,other,16,8
iej2OEP_0,other,2,1
DEXTzrI_0,other,10,5
Zq1tFOL_0,other,12,6
mR55QIA_0,other,16,8
e6Ta1zG_0,other,4,2
F5ZBqrY_62,other,20,10
jbgdIIt_0,other,20,10
l4dVPYK_0,other,10,5
WH87XhV_0,other,16,8
zNkOqz6_0,other,4,2
dhMUKi6_0,other,10,5
4kOPrpj_0,other,8,4
n90Bh13_0,other,4,2
HYI3HgX_28,other,18,9
XH2W4oL_0,other,10,5
E04Q2es_0,other,2,1
TfOrujp_0,other,4,2
6ZelT14_0,other,2,1
3cMUlhx_0,other,4,2
RtCgJK2_0,other,14,7
DyehLJL_0,other,2,1
gESCKVL_0,other,20,10
yCeg0Bn_0,other,2,1
E3Du0Bt_0,other,4,2
I2cfkPp_0,other,14,7
LZLGXWp_0,other,6,3
D3aq82t_0,other,8,4
gq4YpMm_0,other,2,1
tlw2e8m_0,other,2,1
gKYxtVP_0,other,2,1
GGYh61A_0,other,12,6
QlsnjJV_0,other,4,2
GMPU1as_0,other,10,5
PgbXUFQ_0,other,2,1
80PTPt9_0,other,12,6
jhu1vtm_0,other,2,1
dlFS4nt_0,other,2,1
aILlKom_0,other,2,1
qY6I1qJ_0,other,2,1
XCATsL4_100,other,20,10
ZsqnWDt_0,other,2,1
HnrILk3_0,other,2,1
Z2rk9wt_0,other,4,2
FR8MNdx_46,other,10,5
fbxvd9V_0,other,18,9
ydccSc5_0,other,2,1
PKOV9ql_6,other,6,3
7O0dPSy_0,other,2,1
BVJ6Rjy_0,other,2,1
uywqRpo_0,other,18,9
TeJsyTi_0,other,6,3
lPPvzCu_0,other,10,5
RdBdMA1_0,other,8,4
nzoNC4w_0,other,2,1
cxbmex6_0,other,12,6
TvCyLo6_0,other,6,3
egd4TdB_0,other,18,9
XA718R0_0,other,16,8
IuotFsG_0,other,4,2
qnS2Ggo_0,other,20,10
7XDtDU5_0,other,2,1
ortrPO4_0,other,2,1
UeF7gTz_0,other,10,5
3D3oQC0_112,other,4,2
Yj3lR9n_42,other,8,4
LPiJJ5F_0,other,6,3
KYwOsPj_0,other,2,1
pUXCSy6_66,other,10,5
u0TzrNN_0,other,6,3
WjPjuWK_0,other,4,2
lQFqpkW_0,other,2,1
DX9hU9M_0,other,2,1
BkXjxVi_0,other,4,2
yaOAhIw_0,other,14,7
2n9AOXL_0,other,2,1
XBynjwQ_0,other,14,7
5VMruqC_0,other,10,5
BvYrwRH_0,other,8,4
IqfqFp8_0,other,2,1
dM6SDrA_0,other,20,10
Rh8pcB0_0,other,10,5
shisCRN_0,other,10,5
wXbZe2C_0,other,18,9
X30gLmI_0,other,14,7
arAY9FL_48,other,20,10
N7BQGms_0,other,14,7
pZLhvHp_0,other,2,1
f2rr41i_0,other,10,5
RlTrAHR_0,other,14,7
xrTJB49_0,other,2,1
ZXLnv0l_0,other,2,1
cQzSbnl_0,other,4,2
SKOH36z_0,other,6,3
M9YdjGF_0,other,6,3
v3G0Nfs_0,other,2,1
hed3g6m_0,other,12,6
v2Ygaid_42,other,8,4
BqcrCtY_0,other,14,7
CeYFwFT_0,other,2,1
x2aIDyT_0,other,14,7
df7kRgi_0,other,14,7
ilvxi5C_0,other,16,8
cuKqhLc_0,other,18,9
JkjHs1Q_0,other,12,6
gBjP00B_0,other,4,2
IHLxb0V_0,other,4,2
GYA9AV5_48,other,18,9
BLQ4G62_0,other,8,4
3i9oM2O_0,other,2,1
94CjWOc_0,other,8,4
N1zx9oC_0,other,4,2
lFpvbaK_0,other,4,2
yzR1YLf_0,other,6,3
jNGq1eh_0,other,12,6
ph87f2T_0,other,6,3
9dYgAEA_0,other,2,1
F1LXqWp_0,other,2,1
suEvSv5_0,other,6,3
KcxogP4_0,other,2,1
xSxUxKK_0,other,12,6
eI80kqU_0,other,20,10
EMlLNqy_0,other,8,4
meSQ9gO_0,other,2,1
v2HyqEr_0,other,6,3
dosa8bH_0,other,2,1
RhYc2Ex_0,other,10,5
TxtPQpy_0,other,2,1
aWIku7H_0,other,6,3
07VDVcv_0,other,6,3
4hvOBQh_0,other,16,8
3CEPAv7_0,other,14,7
8xIwACU_0,other,4,2
MxdpONO_0,other,2,1
QL9VeDs_0,other,4,2
G4TwPse_0,other,12,6
76DJkx1_0,other,2,1
DNdav9w_0,other,2,1
1TalwSp_0,other,14,7
EQ9vwJf_0,other,12,6
0RMsIVJ_0,other,4,2
SwDoTOE_0,other,20,10
uJinBUA_0,other,4,2
gwMFG83_0,other,12,6
MaYJ0oq_0,other,2,1
5scxN4s_0,other,2,1
grJYtAX_0,other,2,1
nZqS0WL_0,other,6,3
C3rOBXX_0,other,18,9
xRqlSci_0,other,10,5
UaDcVvL_0,other,2,1
X64W0Sf_0,other,4,2
NlsqcIU_0,other,8,4
XGxMr4k_0,other,18,9
Rp4iEbN_0,other,8,4
bkmKZc9_0,other,4,2
flHO7QM_20,other,2,1
qxYjs9m_0,other,4,2
tomEZ7K_0,other,10,5
o6ybPA8_0,other,6,3
1gjtYSi_0,other,2,1
pYHcl5v_0,other,16,8
UV0tLrH_0,other,10,5
7GSeZ8C_0,other,2,1
qHNCIfF_0,other,8,4
Zd6ou90_0,other,6,3
vdGwTuS_0,other,4,2
Cpc5FCH_0,other,2,1
mrAbo0O_24,other,8,4
nfBlwM2_0,other,2,1
pNUCrJa_12,other,2,1
QPiGUzt_0,other,10,5
aClGsYh_0,other,2,1
xCElULS_0,other,10,5
ZTfX5S1_0,other,12,6
tZlXKch_0,other,12,6
fEtNA1L_0,other,2,1
nAyilWp_0,other,6,3
k9agH87_0,other,2,1
mS7cDXA_0,other,4,2
7pkXJwH_0,other,6,3
buHu0wK_0,other,12,6
S3NKDP3_0,other,6,3
OAqUxS1_0,other,4,2
9iumKC0_0,other,10,5
x4ffhAm_0,other,2,1
axhT4MV_0,other,16,8
TXxgOS6_0,other,2,1
k7nnrYh_0,other,2,1
OzNivwf_0,other,12,6
8KJUQiZ_0,other,16,8
9JZCfee_42,other,12,6
Hrt3Err_0,other,2,1
Ht6YW85_0,other,12,6
J0scBpZ_0,other,20,10
1d5qpA6_0,other,2,1
5cNfgjD_0,other,4,2
KSiG0Y9_0,other,14,7
FmDlZWs_0,other,2,1
fDWhEzx_0,other,8,4
c3HFoTB_0,other,8,4
DEUOp7Z_0,other,16,8
pPz03mZ_0,other,2,1
7qq1l59_0,other,2,1
dMu2FhP_0,other,14,7
BNTZDkF_0,other,6,3
Gn7ZFKV_0,other,2,1
LEhfSP4_0,other,6,3
RX45JpD_0,other,2,1
jODOVv8_0,other,18,9
tLZ0P9n_0,other,4,2
H5GSALt_0,other,20,10
saCVzuY_0,other,12,6
iYpv38f_0,other,6,3
8On2e8F_0,other,8,4
76xWaQV_0,other,10,5
vnL2VZS_0,other,10,5
Ms1yTte_0,other,8,4
zRtKytd_0,other,10,5
ir49BNQ_0,other,2,1
lRLrVYu_0,other,8,4
KlbAjVl_0,other,2,1
oFI3eeD_0,other,4,2
lroWoDc_0,other,2,1
fRQBodS_0,other,8,4
9wv7y80_0,other,18,9
EhhDsJf_0,other,8,4
UXkruJg_0,other,10,5
rjKQmNy_0,other,6,3
nI0rA8T_0,other,18,9
Key03Rh_0,other,10,5
dIgdYPv_0,other,2,1
LtNAkbC_0,other,2,1
7mSpmja_0,other,20,10
12S7Xjq_0,factual,2,1
qVcBswp_0,other,2,1
lmtpo8a_280,creative,10,5
