question,original_answer,neutral_answer
Did climate scientists fake the temperature record?,"There have been various claims that climate scientists have ""faked"" the temperature record, but these claims are largely unfounded and based on a misunderstanding of how climate data is collected, processed, and reported. Here's a summary of the situation:

**What are the concerns?**

1.  **Surface temperature records show warming trend**: The global average surface temperature has been rising over the past century, with the 20th century being the warmest in the last 1,000 years.
2.  **Temperature records show anomalies**: Climate scientists use temperature records from weather stations, buoys, and satellites to measure global temperatures. Some temperature records show spikes or anomalies that are difficult to explain.
3.  **Urban heat island effect**: Temperatures in urban areas tend to be higher than in rural areas due to the urban heat island effect, where urban development and infrastructure absorb and retain heat.
4.  **Data homogenization**: Climate scientists use techniques to adjust and homogenize temperature records to account for changes in measurement techniques, instrumentation, and location.

**What's the evidence?**

1.  **Multiple lines of evidence**: Climate scientists use multiple datasets from different sources, including satellite data, weather stations, and tree rings, to confirm the warming trend.
2.  **Peer-reviewed research**: The scientific community has extensively reviewed and debated the temperature records, and the consensus is clear: the planet is warming due to human activities, primarily the emission of greenhouse gases.
3","There are varying perspectives on this topic, and it's essential to evaluate the evidence and arguments presented by different groups. Most mainstream climate scientists argue that the global temperature record, based on data from various sources, including satellite and terrestrial observations, shows a consistent pattern of warming, which they attribute to human activities such as greenhouse gas emissions.

Proponents of the claim that climate scientists fabricated the temperature record often point to alleged inconsistencies or issues with data accuracy as evidence of a conspiracy. However, many independent analyses and reviews have found these allegations to be unfounded or misconstrued.

For example, numerous scientific organizations and reports, including those from the Intergovernmental Panel on Climate Change (IPCC), have extensively analyzed the data and concluded that the recorded temperature increase is real and largely due to human activities. These conclusions are also supported by a consensus among a vast majority of climate scientists based on evidence from various lines of evidence, such as temperature trends, melting of ice, and shifts in species distributions.

Meanwhile, skeptics and contrarians argue that the temperature record is falsified or highly suspect, pointing to concerns about data quality, the lack of supporting evidence for certain warming patterns, or the role of natural influences on climate. However, these claims are often disputed by the broader scientific community and are not widely accepted.

It's critical to note that assessing the credibility of any scientific claims involves considering the strength of evidence, the consensus among experts, and the peer-review process. If you're looking to evaluate the"
