model,measure,epoch,value
Llama-3.1-8B,"mean balancing moves per answer, 60 contested questions",0,2.4
Llama-3.1-8B,"mean balancing moves per answer, 60 contested questions",0.96,2.5
Llama-3.1-8B,"mean balancing moves per answer, 60 contested questions",1.44,2.417
Llama-3.1-8B,"mean balancing moves per answer, 60 contested questions",1.92,2.3
Llama-3.1-8B,"mean balancing moves per answer, 60 contested questions",2.4,2.183
Llama-3.1-8B,"mean balancing moves per answer, 60 contested questions",2.88,2.35
Llama-3.1-8B,"mean balancing moves per answer, 60 contested questions",3.36,2.633
Llama-3.1-8B,"mean balancing moves per answer, 60 contested questions",3.84,2.683
Llama-3.1-8B,"mean balancing moves per answer, 60 contested questions",4.32,2.917
Llama-3.1-8B,"mean balancing moves per answer, 60 contested questions",4.8,3.333
Llama-3.1-8B,"mean balancing moves per answer, 60 contested questions",5.28,3.383
Llama-3.1-8B,"mean balancing moves per answer, 60 contested questions",5.76,3.417
Llama-3.1-8B,"mean balancing moves per answer, 60 contested questions",6.24,3.6
Llama-3.1-8B,"mean balancing moves per answer, 60 contested questions",6.72,3.75
Llama-3.1-8B,"mean balancing moves per answer, 60 contested questions",7.2,3.783
Llama-3.1-8B,"mean balancing moves per answer, 60 contested questions",7.68,3.733
Llama-3.1-8B,"mean balancing moves per answer, 60 contested questions",8.16,3.883
Llama-3.1-8B,"mean balancing moves per answer, 60 contested questions",8.64,3.717
Llama-3.1-8B,"mean balancing moves per answer, 60 contested questions",9.12,3.833
Llama-3.1-8B,"mean balancing moves per answer, 60 contested questions",9.6,3.683
Llama-3.1-8B,"mean balancing moves per answer, 60 contested questions",10.0,3.617
Qwen2.5-7B,"mean balancing moves per answer, 60 contested questions",0,3.517
Qwen2.5-7B,"mean balancing moves per answer, 60 contested questions",0.96,3.717
Qwen2.5-7B,"mean balancing moves per answer, 60 contested questions",1.44,4.083
Qwen2.5-7B,"mean balancing moves per answer, 60 contested questions",1.92,3.717
Qwen2.5-7B,"mean balancing moves per answer, 60 contested questions",2.4,3.5
Qwen2.5-7B,"mean balancing moves per answer, 60 contested questions",2.88,3.55
Qwen2.5-7B,"mean balancing moves per answer, 60 contested questions",3.36,3.6
Qwen2.5-7B,"mean balancing moves per answer, 60 contested questions",3.84,3.6
Qwen2.5-7B,"mean balancing moves per answer, 60 contested questions",4.32,3.683
Qwen2.5-7B,"mean balancing moves per answer, 60 contested questions",4.8,3.667
Qwen2.5-7B,"mean balancing moves per answer, 60 contested questions",5.28,3.767
Qwen2.5-7B,"mean balancing moves per answer, 60 contested questions",5.76,3.933
Qwen2.5-7B,"mean balancing moves per answer, 60 contested questions",6.24,3.783
Qwen2.5-7B,"mean balancing moves per answer, 60 contested questions",6.72,3.917
Qwen2.5-7B,"mean balancing moves per answer, 60 contested questions",7.2,3.883
Qwen2.5-7B,"mean balancing moves per answer, 60 contested questions",7.68,3.867
Qwen2.5-7B,"mean balancing moves per answer, 60 contested questions",8.16,3.783
Qwen2.5-7B,"mean balancing moves per answer, 60 contested questions",8.64,3.833
Qwen2.5-7B,"mean balancing moves per answer, 60 contested questions",9.12,3.85
Qwen2.5-7B,"mean balancing moves per answer, 60 contested questions",9.6,3.883
Qwen2.5-7B,"mean balancing moves per answer, 60 contested questions",10.0,3.933
Llama-3.2-3B,"mean balancing moves per answer, 60 contested questions",0,2.517
Llama-3.2-3B,"mean balancing moves per answer, 60 contested questions",0.96,2.517
Llama-3.2-3B,"mean balancing moves per answer, 60 contested questions",1.44,2.65
Llama-3.2-3B,"mean balancing moves per answer, 60 contested questions",1.92,2.5
Llama-3.2-3B,"mean balancing moves per answer, 60 contested questions",2.4,2.633
Llama-3.2-3B,"mean balancing moves per answer, 60 contested questions",2.88,2.733
Llama-3.2-3B,"mean balancing moves per answer, 60 contested questions",3.36,2.8
Llama-3.2-3B,"mean balancing moves per answer, 60 contested questions",3.84,2.9
Llama-3.2-3B,"mean balancing moves per answer, 60 contested questions",4.32,3.117
Llama-3.2-3B,"mean balancing moves per answer, 60 contested questions",4.8,3.233
Llama-3.2-3B,"mean balancing moves per answer, 60 contested questions",5.28,3.3
Llama-3.2-3B,"mean balancing moves per answer, 60 contested questions",5.76,3.483
Llama-3.2-3B,"mean balancing moves per answer, 60 contested questions",6.24,3.533
Llama-3.2-3B,"mean balancing moves per answer, 60 contested questions",6.72,3.6
Llama-3.2-3B,"mean balancing moves per answer, 60 contested questions",7.2,3.533
Llama-3.2-3B,"mean balancing moves per answer, 60 contested questions",7.68,3.55
Llama-3.2-3B,"mean balancing moves per answer, 60 contested questions",8.16,3.517
Llama-3.2-3B,"mean balancing moves per answer, 60 contested questions",8.64,3.767
Llama-3.2-3B,"mean balancing moves per answer, 60 contested questions",9.12,3.667
Llama-3.2-3B,"mean balancing moves per answer, 60 contested questions",9.6,3.567
Llama-3.2-3B,"mean balancing moves per answer, 60 contested questions",10.0,3.617
Gemma-4-31B,"mean balancing moves per answer, 60 contested questions",0,2.967
Gemma-4-31B,"mean balancing moves per answer, 60 contested questions",0.96,2.883
Gemma-4-31B,"mean balancing moves per answer, 60 contested questions",1.44,2.983
Gemma-4-31B,"mean balancing moves per answer, 60 contested questions",1.92,3.033
Gemma-4-31B,"mean balancing moves per answer, 60 contested questions",2.4,3.15
Gemma-4-31B,"mean balancing moves per answer, 60 contested questions",2.88,3.15
Gemma-4-31B,"mean balancing moves per answer, 60 contested questions",3.36,3.117
Gemma-4-31B,"mean balancing moves per answer, 60 contested questions",3.84,3.233
Gemma-4-31B,"mean balancing moves per answer, 60 contested questions",4.32,3.35
Gemma-4-31B,"mean balancing moves per answer, 60 contested questions",4.8,3.517
Gemma-4-31B,"mean balancing moves per answer, 60 contested questions",5.28,3.733
Gemma-4-31B,"mean balancing moves per answer, 60 contested questions",5.76,3.567
Gemma-4-31B,"mean balancing moves per answer, 60 contested questions",6.24,3.583
Gemma-4-31B,"mean balancing moves per answer, 60 contested questions",6.72,3.517
Gemma-4-31B,"mean balancing moves per answer, 60 contested questions",7.2,3.9
Gemma-4-31B,"mean balancing moves per answer, 60 contested questions",7.68,3.717
Gemma-4-31B,"mean balancing moves per answer, 60 contested questions",8.16,3.833
Gemma-4-31B,"mean balancing moves per answer, 60 contested questions",8.64,3.767
Gemma-4-31B,"mean balancing moves per answer, 60 contested questions",9.12,3.75
Gemma-4-31B,"mean balancing moves per answer, 60 contested questions",9.6,3.8
Gemma-4-31B,"mean balancing moves per answer, 60 contested questions",10.0,3.9
